PLAYER_ID,PLAYER_NAME,streak_length,start_seed_link,end_seed_link,start_test_id,start_seed_number,end_test_id,end_seed_number
5b51062a4010740f7cd91dd5,Blinky,1,https://www.geoguessr.com/challenge/F95Rnn7xIgbbmHH7,https://www.geoguessr.com/challenge/F95Rnn7xIgbbmHH7,MAR_24,16,MAR_24,16
5bf491faaac55b998458ed9a,mk,1,https://www.geoguessr.com/challenge/Nc6B9wtMFBJWFUrT,https://www.geoguessr.com/challenge/Nc6B9wtMFBJWFUrT,DEC_23,12,DEC_23,12
5bf491faaac55b998458ed9a,mk,1,https://www.geoguessr.com/challenge/M2iocZqbysYq6Rfi,https://www.geoguessr.com/challenge/M2iocZqbysYq6Rfi,MAR_24,3,MAR_24,3
5bf491faaac55b998458ed9a,mk,1,https://www.geoguessr.com/challenge/F95Rnn7xIgbbmHH7,https://www.geoguessr.com/challenge/F95Rnn7xIgbbmHH7,MAR_24,16,MAR_24,16
5c03eed1b5b94ba700403005,Finbarr,2,https://www.geoguessr.com/challenge/BsUyXDkqN9NJlqS3,https://www.geoguessr.com/challenge/jrBu97ea9sCmD90Q,DEC_23,7,DEC_23,8
5c03eed1b5b94ba700403005,Finbarr,2,https://www.geoguessr.com/challenge/Eu3QDmJavz32pcex,https://www.geoguessr.com/challenge/Nc6B9wtMFBJWFUrT,DEC_23,11,DEC_23,12
5c03eed1b5b94ba700403005,Finbarr,3,https://www.geoguessr.com/challenge/LCEvynboLXjOyucC,https://www.geoguessr.com/challenge/QZ9P7VOdnIMoArLe,DEC_23,18,DEC_23,20
5c04ec3b43196563803ba61f,V89,1,https://www.geoguessr.com/challenge/1Akh3VRAZIUF2chj,https://www.geoguessr.com/challenge/1Akh3VRAZIUF2chj,DEC_23,1,DEC_23,1
5c04ec3b43196563803ba61f,V89,1,https://www.geoguessr.com/challenge/Nc6B9wtMFBJWFUrT,https://www.geoguessr.com/challenge/Nc6B9wtMFBJWFUrT,DEC_23,12,DEC_23,12
5c04ec3b43196563803ba61f,V89,1,https://www.geoguessr.com/challenge/cGmLT2nn7QOIDvTX,https://www.geoguessr.com/challenge/cGmLT2nn7QOIDvTX,DEC_23,19,DEC_23,19
5c14f357ff3dc98d883d182c,[TNT] Kirania,1,https://www.geoguessr.com/challenge/M2iocZqbysYq6Rfi,https://www.geoguessr.com/challenge/M2iocZqbysYq6Rfi,MAR_24,3,MAR_24,3
5ddd2840db02e1948493a2a0,Illusion,2,https://www.geoguessr.com/challenge/1Akh3VRAZIUF2chj,https://www.geoguessr.com/challenge/8PqYimUGoPeOmN8a,DEC_23,1,DEC_23,2
5ddd2840db02e1948493a2a0,Illusion,1,https://www.geoguessr.com/challenge/Nc6B9wtMFBJWFUrT,https://www.geoguessr.com/challenge/Nc6B9wtMFBJWFUrT,DEC_23,12,DEC_23,12
5ddd2840db02e1948493a2a0,Illusion,1,https://www.geoguessr.com/challenge/TCFIWX8iERLRRUbR,https://www.geoguessr.com/challenge/TCFIWX8iERLRRUbR,DEC_23,16,DEC_23,16
5ddd2840db02e1948493a2a0,Illusion,1,https://www.geoguessr.com/challenge/LCEvynboLXjOyucC,https://www.geoguessr.com/challenge/LCEvynboLXjOyucC,DEC_23,18,DEC_23,18
5ddd2840db02e1948493a2a0,Illusion,1,https://www.geoguessr.com/challenge/FtMbgjzWhFAS6OLB,https://www.geoguessr.com/challenge/FtMbgjzWhFAS6OLB,MAR_24,2,MAR_24,2
5ddd2840db02e1948493a2a0,Illusion,1,https://www.geoguessr.com/challenge/d1GTdgzphcOdnQnb,https://www.geoguessr.com/challenge/d1GTdgzphcOdnQnb,MAR_24,4,MAR_24,4
5ddd2840db02e1948493a2a0,Illusion,1,https://www.geoguessr.com/challenge/uTWuaov5bk7KFRrJ,https://www.geoguessr.com/challenge/uTWuaov5bk7KFRrJ,MAR_24,8,MAR_24,8
5ddd2840db02e1948493a2a0,Illusion,1,https://www.geoguessr.com/challenge/wZeKLCuzOcfKg9Dl,https://www.geoguessr.com/challenge/wZeKLCuzOcfKg9Dl,MAR_24,10,MAR_24,10
5ddd2840db02e1948493a2a0,Illusion,1,https://www.geoguessr.com/challenge/acSLl6agdYQUyl2G,https://www.geoguessr.com/challenge/acSLl6agdYQUyl2G,MAR_24,12,MAR_24,12
5ddd2840db02e1948493a2a0,Illusion,5,https://www.geoguessr.com/challenge/waaEaMncfHxgpfEz,https://www.geoguessr.com/challenge/OIfhjPia3PYaOIsC,MAR_24,18,MAY_24,2
5ddd2840db02e1948493a2a0,Illusion,1,https://www.geoguessr.com/challenge/mdOwyeDKMAS1LDMZ,https://www.geoguessr.com/challenge/mdOwyeDKMAS1LDMZ,MAY_24,4,MAY_24,4
5ddd2840db02e1948493a2a0,Illusion,1,https://www.geoguessr.com/challenge/RVtlNlIELGt1AMev,https://www.geoguessr.com/challenge/RVtlNlIELGt1AMev,MAY_24,11,MAY_24,11
5ddd2840db02e1948493a2a0,Illusion,1,https://www.geoguessr.com/challenge/Aj1ZxLEHiQOzYr9G,https://www.geoguessr.com/challenge/Aj1ZxLEHiQOzYr9G,MAY_24,13,MAY_24,13
5ddd2840db02e1948493a2a0,Illusion,2,https://www.geoguessr.com/challenge/ia8PZ0d1XK43n1bV,https://www.geoguessr.com/challenge/kuqSFdeZMxp9ZZE1,MAY_24,16,MAY_24,17
5ddd2840db02e1948493a2a0,Illusion,3,https://www.geoguessr.com/challenge/7XxKsiRfXc9FRCGP,https://www.geoguessr.com/challenge/Noy0tZXVUYYcTmEt,MAY_24,19,NOV_24,1
5ddd2840db02e1948493a2a0,Illusion,1,https://www.geoguessr.com/challenge/o0jS6p4Q7cFfkLKZ,https://www.geoguessr.com/challenge/o0jS6p4Q7cFfkLKZ,NOV_24,6,NOV_24,6
5ddd2840db02e1948493a2a0,Illusion,2,https://www.geoguessr.com/challenge/77bKKLzjSJuQmcDQ,https://www.geoguessr.com/challenge/yWS8tNrHXCrSqp6F,NOV_24,12,NOV_24,13
5ddd2840db02e1948493a2a0,Illusion,1,https://www.geoguessr.com/challenge/Vm7uyqOlbA65mxJ4,https://www.geoguessr.com/challenge/Vm7uyqOlbA65mxJ4,NOV_24,19,NOV_24,19
5e2e983722bbda85a40e9009,Eamonn,1,https://www.geoguessr.com/challenge/4z4TYH0CdIoTJwou,https://www.geoguessr.com/challenge/4z4TYH0CdIoTJwou,DEC_23,15,DEC_23,15
5e2e983722bbda85a40e9009,Eamonn,1,https://www.geoguessr.com/challenge/uTWuaov5bk7KFRrJ,https://www.geoguessr.com/challenge/uTWuaov5bk7KFRrJ,MAR_24,8,MAR_24,8
5e2e983722bbda85a40e9009,Eamonn,1,https://www.geoguessr.com/challenge/F95Rnn7xIgbbmHH7,https://www.geoguessr.com/challenge/F95Rnn7xIgbbmHH7,MAR_24,16,MAR_24,16
5e8f73b22ad6cf6e8851b0ca,Tonito,1,https://www.geoguessr.com/challenge/LyCWys2ao7598wGT,https://www.geoguessr.com/challenge/LyCWys2ao7598wGT,MAR_24,5,MAR_24,5
5e8f73b22ad6cf6e8851b0ca,Tonito,1,https://www.geoguessr.com/challenge/77bKKLzjSJuQmcDQ,https://www.geoguessr.com/challenge/77bKKLzjSJuQmcDQ,NOV_24,12,NOV_24,12
5e8f73b22ad6cf6e8851b0ca,Tonito,1,https://www.geoguessr.com/challenge/mKp3z6bC7bkr9iWG,https://www.geoguessr.com/challenge/mKp3z6bC7bkr9iWG,NOV_24,18,NOV_24,18
5ee933f15426a914442197e4,Jeif,1,https://www.geoguessr.com/challenge/s41JLWatbAqfnFq7,https://www.geoguessr.com/challenge/s41JLWatbAqfnFq7,DEC_23,4,DEC_23,4
5ee933f15426a914442197e4,Jeif,3,https://www.geoguessr.com/challenge/Jql3EYGHhOSoTKzj,https://www.geoguessr.com/challenge/Nc6B9wtMFBJWFUrT,DEC_23,9,DEC_23,12
5ee933f15426a914442197e4,Jeif,1,https://www.geoguessr.com/challenge/LCEvynboLXjOyucC,https://www.geoguessr.com/challenge/LCEvynboLXjOyucC,DEC_23,18,DEC_23,18
5ee933f15426a914442197e4,Jeif,1,https://www.geoguessr.com/challenge/M2iocZqbysYq6Rfi,https://www.geoguessr.com/challenge/M2iocZqbysYq6Rfi,MAR_24,3,MAR_24,3
5ee933f15426a914442197e4,Jeif,2,https://www.geoguessr.com/challenge/waaEaMncfHxgpfEz,https://www.geoguessr.com/challenge/K9RglrVMJgEVgnwb,MAR_24,18,MAR_24,19
5ee933f15426a914442197e4,Jeif,2,https://www.geoguessr.com/challenge/ia8PZ0d1XK43n1bV,https://www.geoguessr.com/challenge/HbBrMP1uSSIQg4DE,MAY_24,16,MAY_24,20
5f172e581874328b38c066f7,flipster22,1,https://www.geoguessr.com/challenge/4z4TYH0CdIoTJwou,https://www.geoguessr.com/challenge/4z4TYH0CdIoTJwou,DEC_23,15,DEC_23,15
5f172e581874328b38c066f7,flipster22,1,https://www.geoguessr.com/challenge/F95Rnn7xIgbbmHH7,https://www.geoguessr.com/challenge/F95Rnn7xIgbbmHH7,MAR_24,16,MAR_24,16
5f3c49af588cd80001d51f51,bones,1,https://www.geoguessr.com/challenge/HbBrMP1uSSIQg4DE,https://www.geoguessr.com/challenge/HbBrMP1uSSIQg4DE,MAY_24,20,MAY_24,20
5f66872ebcfad7000142d950,Phorcys,1,https://www.geoguessr.com/challenge/uTWuaov5bk7KFRrJ,https://www.geoguessr.com/challenge/uTWuaov5bk7KFRrJ,MAR_24,8,MAR_24,8
5fa7ab03b45c670001342904,kent,1,https://www.geoguessr.com/challenge/TCFIWX8iERLRRUbR,https://www.geoguessr.com/challenge/TCFIWX8iERLRRUbR,DEC_23,16,DEC_23,16
5fa7ab03b45c670001342904,kent,2,https://www.geoguessr.com/challenge/sOsj7MXN7Qq9C6c8,https://www.geoguessr.com/challenge/uTWuaov5bk7KFRrJ,MAR_24,7,MAR_24,8
5fe6c5e7ae5ccd000197c9e7,logan,1,https://www.geoguessr.com/challenge/8PqYimUGoPeOmN8a,https://www.geoguessr.com/challenge/8PqYimUGoPeOmN8a,DEC_23,2,DEC_23,2
5fe6c5e7ae5ccd000197c9e7,logan,1,https://www.geoguessr.com/challenge/BsUyXDkqN9NJlqS3,https://www.geoguessr.com/challenge/BsUyXDkqN9NJlqS3,DEC_23,7,DEC_23,7
5fe6c5e7ae5ccd000197c9e7,logan,1,https://www.geoguessr.com/challenge/TCFIWX8iERLRRUbR,https://www.geoguessr.com/challenge/TCFIWX8iERLRRUbR,DEC_23,16,DEC_23,16
5fe6c5e7ae5ccd000197c9e7,logan,1,https://www.geoguessr.com/challenge/LCEvynboLXjOyucC,https://www.geoguessr.com/challenge/LCEvynboLXjOyucC,DEC_23,18,DEC_23,18
5fe6c5e7ae5ccd000197c9e7,logan,1,https://www.geoguessr.com/challenge/acSLl6agdYQUyl2G,https://www.geoguessr.com/challenge/acSLl6agdYQUyl2G,MAR_24,12,MAR_24,12
5fe6c5e7ae5ccd000197c9e7,logan,1,https://www.geoguessr.com/challenge/F95Rnn7xIgbbmHH7,https://www.geoguessr.com/challenge/F95Rnn7xIgbbmHH7,MAR_24,16,MAR_24,16
5fe6c5e7ae5ccd000197c9e7,logan,1,https://www.geoguessr.com/challenge/K9RglrVMJgEVgnwb,https://www.geoguessr.com/challenge/K9RglrVMJgEVgnwb,MAR_24,19,MAR_24,19
5fe6c5e7ae5ccd000197c9e7,logan,1,https://www.geoguessr.com/challenge/mdOwyeDKMAS1LDMZ,https://www.geoguessr.com/challenge/mdOwyeDKMAS1LDMZ,MAY_24,4,MAY_24,4
5fe6c5e7ae5ccd000197c9e7,logan,1,https://www.geoguessr.com/challenge/kw06tCDMJGpPpo1w,https://www.geoguessr.com/challenge/kw06tCDMJGpPpo1w,MAY_24,9,MAY_24,9
5fe6c5e7ae5ccd000197c9e7,logan,1,https://www.geoguessr.com/challenge/Aj1ZxLEHiQOzYr9G,https://www.geoguessr.com/challenge/Aj1ZxLEHiQOzYr9G,MAY_24,13,MAY_24,13
5fe6c5e7ae5ccd000197c9e7,logan,1,https://www.geoguessr.com/challenge/ia8PZ0d1XK43n1bV,https://www.geoguessr.com/challenge/ia8PZ0d1XK43n1bV,MAY_24,16,MAY_24,16
5fe6c5e7ae5ccd000197c9e7,logan,2,https://www.geoguessr.com/challenge/HbBrMP1uSSIQg4DE,https://www.geoguessr.com/challenge/Noy0tZXVUYYcTmEt,MAY_24,20,NOV_24,1
5fe6c5e7ae5ccd000197c9e7,logan,1,https://www.geoguessr.com/challenge/WXs1tONE4emlmXsV,https://www.geoguessr.com/challenge/WXs1tONE4emlmXsV,NOV_24,8,NOV_24,8
5fe6c5e7ae5ccd000197c9e7,logan,1,https://www.geoguessr.com/challenge/yWS8tNrHXCrSqp6F,https://www.geoguessr.com/challenge/yWS8tNrHXCrSqp6F,NOV_24,13,NOV_24,13
5fe6c5e7ae5ccd000197c9e7,logan,2,https://www.geoguessr.com/challenge/mKp3z6bC7bkr9iWG,https://www.geoguessr.com/challenge/Vm7uyqOlbA65mxJ4,NOV_24,18,NOV_24,19
5ffb5e4975d2770001545cf5,Geooo,1,https://www.geoguessr.com/challenge/azQL6SIGmI6sijYx,https://www.geoguessr.com/challenge/azQL6SIGmI6sijYx,DEC_23,6,DEC_23,6
5ffb5e4975d2770001545cf5,Geooo,1,https://www.geoguessr.com/challenge/uTWuaov5bk7KFRrJ,https://www.geoguessr.com/challenge/uTWuaov5bk7KFRrJ,MAR_24,8,MAR_24,8
60069f898c6114000112b409,icepelican,1,https://www.geoguessr.com/challenge/ia8PZ0d1XK43n1bV,https://www.geoguessr.com/challenge/ia8PZ0d1XK43n1bV,MAY_24,16,MAY_24,16
60423e2590c952000182b4a0,Pigeon,1,https://www.geoguessr.com/challenge/M2iocZqbysYq6Rfi,https://www.geoguessr.com/challenge/M2iocZqbysYq6Rfi,MAR_24,3,MAR_24,3
605b1842045b9e0001837397,brunooo_ooo,1,https://www.geoguessr.com/challenge/uTWuaov5bk7KFRrJ,https://www.geoguessr.com/challenge/uTWuaov5bk7KFRrJ,MAR_24,8,MAR_24,8
605b1842045b9e0001837397,brunooo_ooo,1,https://www.geoguessr.com/challenge/K9RglrVMJgEVgnwb,https://www.geoguessr.com/challenge/K9RglrVMJgEVgnwb,MAR_24,19,MAR_24,19
60806a19bafa9b000125bcc7,malfunctionn,1,https://www.geoguessr.com/challenge/Aj1ZxLEHiQOzYr9G,https://www.geoguessr.com/challenge/Aj1ZxLEHiQOzYr9G,MAY_24,13,MAY_24,13
60859c21128efc0001559603,antidotess,1,https://www.geoguessr.com/challenge/M2iocZqbysYq6Rfi,https://www.geoguessr.com/challenge/M2iocZqbysYq6Rfi,MAR_24,3,MAR_24,3
60859c21128efc0001559603,antidotess,1,https://www.geoguessr.com/challenge/uTWuaov5bk7KFRrJ,https://www.geoguessr.com/challenge/uTWuaov5bk7KFRrJ,MAR_24,8,MAR_24,8
60859c21128efc0001559603,antidotess,1,https://www.geoguessr.com/challenge/4AJEkIcOQCXOZBd3,https://www.geoguessr.com/challenge/4AJEkIcOQCXOZBd3,MAR_24,13,MAR_24,13
61f63ef33d94a3000139614d,„ÇØ„É™„Éó„Éà„Éä„Ç§„Éà,1,https://www.geoguessr.com/challenge/BsUyXDkqN9NJlqS3,https://www.geoguessr.com/challenge/BsUyXDkqN9NJlqS3,DEC_23,7,DEC_23,7
61f63ef33d94a3000139614d,„ÇØ„É™„Éó„Éà„Éä„Ç§„Éà,1,https://www.geoguessr.com/challenge/LCEvynboLXjOyucC,https://www.geoguessr.com/challenge/LCEvynboLXjOyucC,DEC_23,18,DEC_23,18
6201965f19c16500017cd2ce,„Ç¢„Ç≠„Éä„Éà„É´,1,https://www.geoguessr.com/challenge/9K1rJigQT1lyhGbe,https://www.geoguessr.com/challenge/9K1rJigQT1lyhGbe,DEC_23,3,DEC_23,3
6201965f19c16500017cd2ce,„Ç¢„Ç≠„Éä„Éà„É´,1,https://www.geoguessr.com/challenge/BsUyXDkqN9NJlqS3,https://www.geoguessr.com/challenge/BsUyXDkqN9NJlqS3,DEC_23,7,DEC_23,7
6201965f19c16500017cd2ce,„Ç¢„Ç≠„Éä„Éà„É´,1,https://www.geoguessr.com/challenge/nR7hDNFvxfQmbbyR,https://www.geoguessr.com/challenge/nR7hDNFvxfQmbbyR,DEC_23,13,DEC_23,13
6201965f19c16500017cd2ce,„Ç¢„Ç≠„Éä„Éà„É´,2,https://www.geoguessr.com/challenge/LCEvynboLXjOyucC,https://www.geoguessr.com/challenge/cGmLT2nn7QOIDvTX,DEC_23,18,DEC_23,19
6201965f19c16500017cd2ce,„Ç¢„Ç≠„Éä„Éà„É´,1,https://www.geoguessr.com/challenge/M2iocZqbysYq6Rfi,https://www.geoguessr.com/challenge/M2iocZqbysYq6Rfi,MAR_24,3,MAR_24,3
6201965f19c16500017cd2ce,„Ç¢„Ç≠„Éä„Éà„É´,1,https://www.geoguessr.com/challenge/S422hWbFPr8Jl1l2,https://www.geoguessr.com/challenge/S422hWbFPr8Jl1l2,MAR_24,6,MAR_24,6
6201965f19c16500017cd2ce,„Ç¢„Ç≠„Éä„Éà„É´,1,https://www.geoguessr.com/challenge/acSLl6agdYQUyl2G,https://www.geoguessr.com/challenge/acSLl6agdYQUyl2G,MAR_24,12,MAR_24,12
6201965f19c16500017cd2ce,„Ç¢„Ç≠„Éä„Éà„É´,2,https://www.geoguessr.com/challenge/F95Rnn7xIgbbmHH7,https://www.geoguessr.com/challenge/Z7V3QsHN3sV3fU1r,MAR_24,16,MAR_24,17
6201965f19c16500017cd2ce,„Ç¢„Ç≠„Éä„Éà„É´,2,https://www.geoguessr.com/challenge/K9RglrVMJgEVgnwb,https://www.geoguessr.com/challenge/moFFy1J89AxTkLGX,MAR_24,19,MAR_24,20
6201965f19c16500017cd2ce,„Ç¢„Ç≠„Éä„Éà„É´,1,https://www.geoguessr.com/challenge/u6sBcJLWWJksL4Nr,https://www.geoguessr.com/challenge/u6sBcJLWWJksL4Nr,NOV_24,2,NOV_24,2
621be89f6fac5b00015323af,Jay,1,https://www.geoguessr.com/challenge/WXs1tONE4emlmXsV,https://www.geoguessr.com/challenge/WXs1tONE4emlmXsV,NOV_24,8,NOV_24,8
62bfd10dea6140a9ef5f3224,Program,1,https://www.geoguessr.com/challenge/FtMbgjzWhFAS6OLB,https://www.geoguessr.com/challenge/FtMbgjzWhFAS6OLB,MAR_24,2,MAR_24,2
62bfd10dea6140a9ef5f3224,Program,1,https://www.geoguessr.com/challenge/K9RglrVMJgEVgnwb,https://www.geoguessr.com/challenge/K9RglrVMJgEVgnwb,MAR_24,19,MAR_24,19
62c0257a2e7b083b8fb3ffdf,yark,1,https://www.geoguessr.com/challenge/Noy0tZXVUYYcTmEt,https://www.geoguessr.com/challenge/Noy0tZXVUYYcTmEt,NOV_24,1,NOV_24,1
62c0257a2e7b083b8fb3ffdf,yark,1,https://www.geoguessr.com/challenge/3MmnehdoXy6WqGtc,https://www.geoguessr.com/challenge/3MmnehdoXy6WqGtc,NOV_24,11,NOV_24,11
62d17b25f827cbfd7205c25d,deshawn,2,https://www.geoguessr.com/challenge/EqUtUXwV56PMTzXY,https://www.geoguessr.com/challenge/4z4TYH0CdIoTJwou,DEC_23,14,DEC_23,15
6376f2fd270414a1000e1fbf,bobasucker,1,https://www.geoguessr.com/challenge/M2iocZqbysYq6Rfi,https://www.geoguessr.com/challenge/M2iocZqbysYq6Rfi,MAR_24,3,MAR_24,3
63b6e8ccb8148b72cafa0adb,KZT,1,https://www.geoguessr.com/challenge/BsUyXDkqN9NJlqS3,https://www.geoguessr.com/challenge/BsUyXDkqN9NJlqS3,DEC_23,7,DEC_23,7
63b6e8ccb8148b72cafa0adb,KZT,1,https://www.geoguessr.com/challenge/Nc6B9wtMFBJWFUrT,https://www.geoguessr.com/challenge/Nc6B9wtMFBJWFUrT,DEC_23,12,DEC_23,12
63b6e8ccb8148b72cafa0adb,KZT,1,https://www.geoguessr.com/challenge/LCEvynboLXjOyucC,https://www.geoguessr.com/challenge/LCEvynboLXjOyucC,DEC_23,18,DEC_23,18
63b6e8ccb8148b72cafa0adb,KZT,1,https://www.geoguessr.com/challenge/M2iocZqbysYq6Rfi,https://www.geoguessr.com/challenge/M2iocZqbysYq6Rfi,MAR_24,3,MAR_24,3
63b6e8ccb8148b72cafa0adb,KZT,1,https://www.geoguessr.com/challenge/uTWuaov5bk7KFRrJ,https://www.geoguessr.com/challenge/uTWuaov5bk7KFRrJ,MAR_24,8,MAR_24,8
63b6e8ccb8148b72cafa0adb,KZT,1,https://www.geoguessr.com/challenge/acSLl6agdYQUyl2G,https://www.geoguessr.com/challenge/acSLl6agdYQUyl2G,MAR_24,12,MAR_24,12
63b6e8ccb8148b72cafa0adb,KZT,1,https://www.geoguessr.com/challenge/F95Rnn7xIgbbmHH7,https://www.geoguessr.com/challenge/F95Rnn7xIgbbmHH7,MAR_24,16,MAR_24,16
63b6e8ccb8148b72cafa0adb,KZT,1,https://www.geoguessr.com/challenge/K9RglrVMJgEVgnwb,https://www.geoguessr.com/challenge/K9RglrVMJgEVgnwb,MAR_24,19,MAR_24,19
63b6e8ccb8148b72cafa0adb,KZT,1,https://www.geoguessr.com/challenge/BwmVevM1DGNkAwu8,https://www.geoguessr.com/challenge/BwmVevM1DGNkAwu8,MAY_24,8,MAY_24,8
63b6e8ccb8148b72cafa0adb,KZT,2,https://www.geoguessr.com/challenge/Aj1ZxLEHiQOzYr9G,https://www.geoguessr.com/challenge/dak2du82ZxpboYlr,MAY_24,13,MAY_24,14
63b6e8ccb8148b72cafa0adb,KZT,1,https://www.geoguessr.com/challenge/ia8PZ0d1XK43n1bV,https://www.geoguessr.com/challenge/ia8PZ0d1XK43n1bV,MAY_24,16,MAY_24,16
63b6e8ccb8148b72cafa0adb,KZT,2,https://www.geoguessr.com/challenge/7XxKsiRfXc9FRCGP,https://www.geoguessr.com/challenge/HbBrMP1uSSIQg4DE,MAY_24,19,MAY_24,20
63cffe929512ebc734808b0b,Rylleon,1,https://www.geoguessr.com/challenge/vgjo9c3zCheuxsJB,https://www.geoguessr.com/challenge/vgjo9c3zCheuxsJB,MAR_24,14,MAR_24,14
63cffe929512ebc734808b0b,Rylleon,1,https://www.geoguessr.com/challenge/F95Rnn7xIgbbmHH7,https://www.geoguessr.com/challenge/F95Rnn7xIgbbmHH7,MAR_24,16,MAR_24,16
63cffe929512ebc734808b0b,Rylleon,1,https://www.geoguessr.com/challenge/K9RglrVMJgEVgnwb,https://www.geoguessr.com/challenge/K9RglrVMJgEVgnwb,MAR_24,19,MAR_24,19
63e223415109acb72e8c3318,GabrielGeoo,1,https://www.geoguessr.com/challenge/kuqSFdeZMxp9ZZE1,https://www.geoguessr.com/challenge/kuqSFdeZMxp9ZZE1,MAY_24,17,MAY_24,17
6460e8bfec20ce42ae0b90bb,Spirit Donk,1,https://www.geoguessr.com/challenge/4AJEkIcOQCXOZBd3,https://www.geoguessr.com/challenge/4AJEkIcOQCXOZBd3,MAR_24,13,MAR_24,13
64899fdf6552c09cf38d9d8e,Ë±ÜË±ÜÂÜñ,1,https://www.geoguessr.com/challenge/LCEvynboLXjOyucC,https://www.geoguessr.com/challenge/LCEvynboLXjOyucC,DEC_23,18,DEC_23,18
64899fdf6552c09cf38d9d8e,Ë±ÜË±ÜÂÜñ,1,https://www.geoguessr.com/challenge/acSLl6agdYQUyl2G,https://www.geoguessr.com/challenge/acSLl6agdYQUyl2G,MAR_24,12,MAR_24,12
649b4141377d3ba1a0809e04,üå∫–ú–æ—É—Ç–æ–Ω–õ–æ–≤–µ—Å–ô–æ–Ω–∞–°üå∫,1,https://www.geoguessr.com/challenge/Noy0tZXVUYYcTmEt,https://www.geoguessr.com/challenge/Noy0tZXVUYYcTmEt,NOV_24,1,NOV_24,1
649b4141377d3ba1a0809e04,üå∫–ú–æ—É—Ç–æ–Ω–õ–æ–≤–µ—Å–ô–æ–Ω–∞–°üå∫,1,https://www.geoguessr.com/challenge/77bKKLzjSJuQmcDQ,https://www.geoguessr.com/challenge/77bKKLzjSJuQmcDQ,NOV_24,12,NOV_24,12